21348	ISP BLO DISP
21349	ISP BLO OPS1
21350	ISP BLO OPS2
21351	ISP BLO OPS3
21347	ISP BLO ATG
21305	DOT-50-SEY
21301	DOT-50-DEV
21302	DOT-50-EVENT
21303	DOT-50-MAT
21304	DOT-50-OPS
21306	DOT-50-TRF
21307	DOT-51-SUB
21308	DOT-52-SUB
21309	DOT-53-SUB
21310	DOT-54-SUB
21311	DOT-55-SUB
21515	53-EMA-OPS
21522	53-MCF-DISP
21523	53-MCF-OPS1
21524	53-MCF-OPS2
21525	53-MCF-OPS3
21526	53-MCF-OPS4
21527	53-MCF-OPS5
21510	53-MCF-OPS6
21532	53-MCF-OPS7
21516	53-EMS-DISP
21517	53-EMS-OPS
21528	53-MCS-DISP
21529	53-MCS-OPS1
21530	53-MCS-OPS2
21531	53-MCS-OPS3
21509	53-ANIM-OPS
21511	53-BPD-DISP
21512	53-BPD-OPS1
21513	53-BPD-OPS2
21514	53-BPD-OPS3
21518	53-EPD-OPS
21519	53-IUP-DISP
21520	53-IUP-SW
21521	53-IUP-OPS1
